[
  {
    "id": 1,
    "name": "",
    "typeRequest": "",
    "amount": 0,
    "price": 0
  },
  {
    "id": 2,
    "name": "",
    "typeRequest": "",
    "amount": 0,
    "price": 0
  },
  {
    "id": 1,
    "name": "",
    "typeRequest": "",
    "amount": 0,
    "price": 0
  },
  {
    "id": 1,
    "name": "",
    "typeRequest": "",
    "amount": 0,
    "price": 0
  },
  {
    "id": 1,
    "name": "",
    "typeRequest": "",
    "amount": 0,
    "price": 0
  },
  {
    "id": 1,
    "name": "",
    "typeRequest": "",
    "amount": 0,
    "price": 0
  }
]